{
  "best_model": "Random Forest",
  "best_f1": 0.8462,
  "trained_at": "2026-04-19T18:40:53.376424Z",
  "data_source": "BGL_2k.log",
  "eval_split": "chronological",
  "training_samples": 156,
  "test_samples": 40,
  "window_size": 20,
  "stride": 10,
  "n_features": 83,
  "models": {
    "Logistic Regression": {
      "model_name": "Logistic Regression",
      "model_type": "supervised",
      "precision": 0.6111,
      "recall": 0.7333,
      "f1_score": 0.6667,
      "auc_roc": 0.856,
      "accuracy": 0.725,
      "false_positive_rate": 0.28,
      "false_negative_rate": 0.2667,
      "detection_latency_ms": 0.0142,
      "tp": 11,
      "fp": 7,
      "tn": 18,
      "fn": 4,
      "shap_global": {
        "tfidf_total": 2.56342349182775,
        "window_anomaly_ratio": 1.3882144948708302,
        "tfidf_on": 1.2506874325560637,
        "unique_components": 0.8090483765867251,
        "tfidf_fatal": 0.8042244518139151,
        "templates_repeated_ge3": 0.7580752356375282,
        "tfidf_of": 0.7457007204865091,
        "event_rate_per_s": 0.7230865312942829,
        "template_diversity": 0.6701379829591585,
        "window_duration_s": 0.6232729332175106,
        "tfidf_the": 0.4897435759077978,
        "tfidf_ddr": 0.42583082691467206,
        "tfidf_info": 0.32439494376665534,
        "tfidf_instruction": 0.3095267123450208,
        "tfidf_for": 0.21811340066414525
      }
    },
    "Random Forest": {
      "model_name": "Random Forest",
      "model_type": "supervised",
      "precision": 1.0,
      "recall": 0.7333,
      "f1_score": 0.8462,
      "auc_roc": 0.9947,
      "accuracy": 0.9,
      "false_positive_rate": 0.0,
      "false_negative_rate": 0.2667,
      "detection_latency_ms": 0.6838,
      "tp": 11,
      "fp": 0,
      "tn": 25,
      "fn": 4,
      "shap_global": {
        "tfidf_fatal": 0.08384955752212389,
        "tfidf_error": 0.016224188790560472,
        "tfidf_for": 0.010545722713864303,
        "tfidf_ciod": 0.007595870206489675,
        "tfidf_ce": 0.0069321533923303825,
        "tfidf_alignment": 0.005162241887905602,
        "tfidf_floating": 0.00427728613569321,
        "tfidf_at": 0.0035398230088495583,
        "tfidf_ddr": 0.00294985250737463,
        "tfidf_corrected": 0.0028023598820059083,
        "tfidf_file": 0.001106194690265488,
        "tfidf_exceptions": 0.0004424778761061926,
        "tfidf_assert": 0.0,
        "tfidf_calls": 0.0,
        "tfidf_correctable": 0.0
      }
    },
    "Isolation Forest": {
      "model_name": "Isolation Forest",
      "model_type": "unsupervised",
      "precision": 0.2353,
      "recall": 0.2667,
      "f1_score": 0.25,
      "auc_roc": 0.4667,
      "accuracy": 0.4,
      "false_positive_rate": 0.52,
      "false_negative_rate": 0.7333,
      "detection_latency_ms": 0.085,
      "tp": 4,
      "fp": 13,
      "tn": 12,
      "fn": 11
    },
    "LSTM Autoencoder": {
      "model_name": "LSTM Autoencoder",
      "model_type": "deep_learning",
      "precision": 0.125,
      "recall": 0.1333,
      "f1_score": 0.129,
      "auc_roc": 0.3547,
      "accuracy": 0.325,
      "false_positive_rate": 0.56,
      "false_negative_rate": 0.8667,
      "detection_latency_ms": 1.0722,
      "tp": 2,
      "fp": 14,
      "tn": 11,
      "fn": 13
    }
  }
}